image_id,ds_idx,true_label,target_label,pred_before,conf_before,success,adv_label,adv_conf,gens_used,queries,x,y,r,g,b,best_fitness,reached,pop_size,F,Cr,max_gens,es_target,stall_patience,seed,commit,device
0,0,3,0,3,1.000000,0,3,1.000000,50,183600,0.9199180006980896,0.933935821056366,0.223175,0.000000,0.788445,1.105089769692924e-10,0,400,0.5,0.9,50,0.9,8,1337,d245230,mps
0,0,3,1,3,1.000000,0,3,1.000000,50,183600,0.6186530590057373,1.0,0.954109,0.305697,0.975447,1.1077424394434487e-10,0,400,0.5,0.9,50,0.9,8,1337,d245230,mps
0,0,3,2,3,1.000000,0,3,1.000000,50,183600,0.7322069406509399,0.12039749324321747,0.000000,0.393557,0.999998,1.871624660809701e-10,0,400,0.5,0.9,50,0.9,8,1337,d245230,mps
0,0,3,4,3,1.000000,0,3,1.000000,50,183600,0.1732325255870819,0.0,0.000000,0.126411,1.000000,7.061574935907089e-11,0,400,0.5,0.9,50,0.9,8,1337,d245230,mps
0,0,3,5,3,1.000000,0,3,1.000000,50,183600,0.7694830894470215,0.11722394824028015,0.000000,0.342543,0.589165,9.648338128442902e-09,0,400,0.5,0.9,50,0.9,8,1337,d245230,mps
0,0,3,6,3,1.000000,0,3,1.000000,50,183600,1.5847686529159546,1.5595495700836182,0.025888,-0.051020,0.853200,1.485170181281248e-10,0,400,0.5,0.9,50,0.9,8,1337,d245230,mps
0,0,3,7,3,1.000000,0,3,0.999999,50,183600,7.581523895263672,5.919822692871094,-0.096571,-0.762502,0.267619,2.7122337709073463e-09,0,400,0.5,0.9,50,0.9,8,1337,d245230,mps
0,0,3,8,3,1.000000,0,3,0.999999,50,183600,7.606997966766357,6.349478244781494,-0.281425,-1.612042,0.288031,1.4028542771882258e-09,0,400,0.5,0.9,50,0.9,8,1337,d245230,mps
0,0,3,9,3,1.000000,0,3,1.000000,50,183600,4.696964263916016,3.6100614070892334,-0.265534,-4.918847,0.609164,5.909495115474783e-10,0,400,0.5,0.9,50,0.9,8,1337,d245230,mps
1,1,8,0,8,0.999995,0,8,0.999994,50,183600,0.0,0.014261581003665924,0.000000,0.000000,0.000000,1.2478309372454532e-06,0,400,0.5,0.9,50,0.9,8,1337,d245230,mps
1,1,8,1,8,0.999995,0,8,0.999985,50,183600,1.0,0.8677959442138672,0.000000,0.000000,0.000011,9.999899702961557e-06,0,400,0.5,0.9,50,0.9,8,1337,d245230,mps
1,1,8,2,8,0.999995,0,8,0.999994,50,183600,0.0,0.0,0.000000,0.000000,0.000000,4.028910094433513e-09,0,400,0.5,0.9,50,0.9,8,1337,d245230,mps
1,1,8,3,8,0.999995,0,8,0.999985,50,183600,0.827747642993927,0.9592379331588745,0.000000,0.000000,0.000000,3.599654618824388e-08,0,400,0.5,0.9,50,0.9,8,1337,d245230,mps
1,1,8,4,8,0.999995,0,8,0.999994,50,183600,0.020221250131726265,0.024813836440443993,0.000000,0.011131,0.000000,2.634821028024703e-09,0,400,0.5,0.9,50,0.9,8,1337,d245230,mps
1,1,8,5,8,0.999995,0,8,0.999985,50,183600,0.9400796890258789,0.5092036724090576,0.012045,0.055526,0.002312,6.031310562093495e-09,0,400,0.5,0.9,50,0.9,8,1337,d245230,mps
1,1,8,6,8,0.999995,0,8,0.999864,50,183600,6.675539493560791,0.6467884182929993,-0.426047,-0.167437,0.583317,4.599377234626445e-07,0,400,0.5,0.9,50,0.9,8,1337,d245230,mps
1,1,8,7,8,0.999995,0,8,0.999906,50,183600,9.019098281860352,0.5089111924171448,-0.129845,-0.028210,-2.103086,8.577759302852428e-08,0,400,0.5,0.9,50,0.9,8,1337,d245230,mps
1,1,8,9,8,0.999995,0,8,0.999904,50,183600,7.58073616027832,1.3838472366333008,-0.087170,0.051258,-0.119165,3.0949084361964196e-07,0,400,0.5,0.9,50,0.9,8,1337,d245230,mps
2,2,8,0,8,0.924418,0,8,0.933241,50,183600,0.5779644846916199,0.768437385559082,0.009596,0.285337,0.034390,0.0012191466521471739,0,400,0.5,0.9,50,0.9,8,1337,d245230,mps
2,2,8,1,8,0.924418,0,8,0.896312,50,183600,0.10696234554052353,0.6493434906005859,0.222450,1.000000,0.000000,0.10123087465763092,0,400,0.5,0.9,50,0.9,8,1337,d245230,mps
2,2,8,2,8,0.924418,0,8,0.931582,50,183600,0.8733478784561157,0.5851600170135498,0.000130,0.365884,0.000000,0.00037053183768875897,0,400,0.5,0.9,50,0.9,8,1337,d245230,mps
2,2,8,3,8,0.924418,0,8,0.910273,50,183600,0.0,0.08939100801944733,0.000000,1.000000,0.000000,6.0319711337797344e-05,0,400,0.5,0.9,50,0.9,8,1337,d245230,mps
2,2,8,4,8,0.924418,0,8,0.925373,50,183600,0.037170346826314926,0.04615851864218712,0.000000,0.017224,0.000000,1.8946722775581293e-05,0,400,0.5,0.9,50,0.9,8,1337,d245230,mps
2,2,8,5,8,0.924418,0,8,0.894393,50,183600,0.1389250010251999,2.0448215007781982,-0.038898,1.025274,-0.022645,1.287992563447915e-05,0,400,0.5,0.9,50,0.9,8,1337,d245230,mps
2,2,8,6,8,0.924418,0,8,0.894393,50,183600,0.21117804944515228,1.750117540359497,-0.645864,1.192509,-0.654390,5.3494619351113215e-05,0,400,0.5,0.9,50,0.9,8,1337,d245230,mps
2,2,8,7,8,0.924418,0,8,0.942977,50,183600,1.9135363101959229,1.6662180423736572,-0.005367,-0.105520,1.116270,0.00010479320189915597,0,400,0.5,0.9,50,0.9,8,1337,d245230,mps
2,2,8,9,8,0.924418,0,8,0.941234,50,183600,0.8709349632263184,2.8998050689697266,0.000004,-0.107569,1.362362,0.0017302524065598845,0,400,0.5,0.9,50,0.9,8,1337,d245230,mps
3,4,6,0,6,0.999998,0,6,0.999996,50,183600,1.0,0.7236724495887756,0.000006,0.010894,0.256325,8.388390426716796e-09,0,400,0.5,0.9,50,0.9,8,1337,d245230,mps
3,4,6,1,6,0.999998,0,6,0.999998,50,183600,0.7945181131362915,0.017746124416589737,0.000062,0.316032,0.001405,5.2400732641899594e-08,0,400,0.5,0.9,50,0.9,8,1337,d245230,mps
3,4,6,2,6,0.999998,0,6,0.999997,50,183600,0.05195468291640282,0.5123264193534851,0.000002,0.000000,0.282136,2.749420900727273e-06,0,400,0.5,0.9,50,0.9,8,1337,d245230,mps
3,4,6,3,6,0.999998,0,6,0.999995,50,183600,0.3779495358467102,0.8120479583740234,0.856095,1.000000,0.830213,4.3672802263472477e-08,0,400,0.5,0.9,50,0.9,8,1337,d245230,mps
3,4,6,4,6,0.999998,0,6,0.999997,50,183600,0.8359037637710571,0.9757691621780396,0.000000,0.170050,0.000000,4.0031647330351916e-08,0,400,0.5,0.9,50,0.9,8,1337,d245230,mps
3,4,6,5,6,0.999998,0,6,0.999990,50,183600,0.544508159160614,2.7890851497650146,-0.011016,0.026046,0.253315,2.9516121102801662e-08,0,400,0.5,0.9,50,0.9,8,1337,d245230,mps
3,4,6,7,6,0.999998,0,6,0.999989,50,183600,0.5116574764251709,2.7479941844940186,-0.247192,-0.034473,0.337032,1.0698806285347473e-08,0,400,0.5,0.9,50,0.9,8,1337,d245230,mps
3,4,6,8,6,0.999998,0,6,0.999990,50,183600,0.7693583965301514,2.9225611686706543,0.059883,-0.110729,0.295525,3.0454092581067016e-08,0,400,0.5,0.9,50,0.9,8,1337,d245230,mps
3,4,6,9,6,0.999998,0,6,0.999846,50,183600,3.010068893432617,1.3276088237762451,1.574927,1.025672,0.965072,1.7231416293839175e-08,0,400,0.5,0.9,50,0.9,8,1337,d245230,mps
4,5,6,0,6,0.999998,0,6,0.999998,50,183600,0.0,0.05589437112212181,0.000000,0.000000,0.026574,1.1476823047473772e-08,0,400,0.5,0.9,50,0.9,8,1337,d245230,mps
4,5,6,1,6,0.999998,0,6,0.999997,50,183600,0.7210513949394226,0.019588321447372437,0.000000,0.000000,0.550298,9.158903679917785e-08,0,400,0.5,0.9,50,0.9,8,1337,d245230,mps
4,5,6,2,6,0.999998,0,6,0.999998,50,183600,0.25357311964035034,0.019756406545639038,0.322703,0.837696,0.120823,4.649953666557849e-08,0,400,0.5,0.9,50,0.9,8,1337,d245230,mps
4,5,6,3,6,0.999998,0,6,0.999998,50,183600,0.07934295386075974,0.02537648379802704,0.000000,0.000007,0.115349,1.348914651089217e-07,0,400,0.5,0.9,50,0.9,8,1337,d245230,mps
4,5,6,4,6,0.999998,0,6,0.999998,50,183600,0.0,0.0,0.000000,0.000000,0.000000,1.4266031200804719e-07,0,400,0.5,0.9,50,0.9,8,1337,d245230,mps
4,5,6,5,6,0.999998,0,6,0.999985,50,183600,2.6428182125091553,2.3642754554748535,-0.006153,0.000000,0.414181,1.1377936061762739e-05,0,400,0.5,0.9,50,0.9,8,1337,d245230,mps
4,5,6,7,6,0.999998,0,6,0.999985,50,183600,3.4347333908081055,2.125788927078247,-0.092806,-0.828535,0.605050,5.712535084967385e-07,0,400,0.5,0.9,50,0.9,8,1337,d245230,mps
4,5,6,8,6,0.999998,0,6,0.999987,50,183600,2.0501203536987305,2.1292788982391357,-0.364727,-0.534365,0.103171,2.2969717861087702e-07,0,400,0.5,0.9,50,0.9,8,1337,d245230,mps
4,5,6,9,6,0.999998,0,6,0.999877,50,183600,6.724477291107178,1.9989356994628906,-0.944398,-6.917856,0.825491,4.1427577457398e-07,0,400,0.5,0.9,50,0.9,8,1337,d245230,mps
5,6,1,0,1,0.902649,0,1,0.896018,50,183600,0.5763713121414185,0.707146167755127,0.676554,0.599695,0.000620,0.0009756237268447876,0,400,0.5,0.9,50,0.9,8,1337,d245230,mps
5,6,1,2,1,0.902649,0,1,0.867731,50,183600,0.7966299057006836,0.5142664909362793,0.023958,0.996523,0.427312,3.19370228680782e-05,0,400,0.5,0.9,50,0.9,8,1337,d245230,mps
5,6,1,3,1,0.902649,0,1,0.844497,50,183600,0.8704112768173218,0.9830087423324585,0.000000,0.000417,0.733899,0.0003428072377573699,0,400,0.5,0.9,50,0.9,8,1337,d245230,mps
5,6,1,4,1,0.902649,0,1,0.902237,50,183600,0.0966539978981018,0.26250338554382324,0.824926,0.052832,0.000000,2.8832819225499406e-05,0,400,0.5,0.9,50,0.9,8,1337,d245230,mps
5,6,1,5,1,0.902649,0,1,0.842994,50,183600,0.5678053498268127,0.8046538233757019,0.000000,0.000000,0.780192,0.0009006111067719758,0,400,0.5,0.9,50,0.9,8,1337,d245230,mps
5,6,1,6,1,0.902649,0,1,0.884889,50,183600,0.7960151433944702,1.6952204704284668,-0.105728,0.921403,0.003112,3.7124580558156595e-05,0,400,0.5,0.9,50,0.9,8,1337,d245230,mps
5,6,1,7,1,0.902649,0,1,0.876891,50,183600,0.9921067953109741,1.9158151149749756,-0.303945,0.801773,-0.041406,0.0002186925703426823,0,400,0.5,0.9,50,0.9,8,1337,d245230,mps
5,6,1,8,1,0.902649,0,1,0.870293,50,183600,0.8656694293022156,2.319705009460449,-0.110497,0.545740,0.098438,4.623140921466984e-05,0,400,0.5,0.9,50,0.9,8,1337,d245230,mps
5,6,1,9,1,0.902649,0,1,0.774817,50,183600,4.885168552398682,1.217921257019043,0.189616,0.028237,1.788724,0.22377727925777435,0,400,0.5,0.9,50,0.9,8,1337,d245230,mps
6,7,6,0,6,0.999173,0,6,0.997872,50,183600,0.9613747000694275,0.6942480802536011,0.000000,0.000000,0.679247,0.00010601306712487713,0,400,0.5,0.9,50,0.9,8,1337,d245230,mps
6,7,6,1,6,0.999173,0,6,0.997421,50,183600,1.0,0.7802958488464355,0.000000,0.051881,0.250529,3.46974928788768e-07,0,400,0.5,0.9,50,0.9,8,1337,d245230,mps
6,7,6,2,6,0.999173,0,6,0.999046,50,183600,0.5410093069076538,0.18384963274002075,0.376111,0.530324,0.000000,0.0008982542203739285,0,400,0.5,0.9,50,0.9,8,1337,d245230,mps
6,7,6,3,6,0.999173,0,6,0.999266,50,183600,0.28006014227867126,0.7510144114494324,0.663417,0.240469,0.000000,1.3336711162992287e-05,0,400,0.5,0.9,50,0.9,8,1337,d245230,mps
6,7,6,4,6,0.999173,0,6,0.999211,50,183600,0.713127613067627,0.7449644804000854,0.097248,0.219996,1.000000,1.4070236602492514e-06,0,400,0.5,0.9,50,0.9,8,1337,d245230,mps
6,7,6,5,6,0.999173,0,6,0.584828,50,183600,5.395811080932617,1.9989573955535889,0.991913,-0.261721,1.492452,2.0019955627503805e-05,0,400,0.5,0.9,50,0.9,8,1337,d245230,mps
6,7,6,7,6,0.999173,0,6,0.913911,50,183600,3.6929426193237305,4.3124613761901855,0.587704,-0.181690,-0.123193,1.0505214049771894e-05,0,400,0.5,0.9,50,0.9,8,1337,d245230,mps
6,7,6,8,6,0.999173,0,6,0.797729,50,183600,5.4790472984313965,3.315253257751465,-0.097907,0.131617,-0.662093,6.8302592808322515e-06,0,400,0.5,0.9,50,0.9,8,1337,d245230,mps
6,7,6,9,6,0.999173,0,6,0.999415,50,183600,-0.05611107498407364,-0.047644104808568954,0.001770,-0.047348,-0.071891,9.443052704227739e-07,0,400,0.5,0.9,50,0.9,8,1337,d245230,mps
7,8,3,0,3,0.999905,0,3,0.999898,41,151200,0.04451010003685951,0.21199724078178406,0.000000,0.000000,0.237926,9.356286767570055e-08,0,400,0.5,0.9,50,0.9,8,1337,d245230,mps
7,8,3,1,3,0.999905,0,3,0.999897,41,151200,0.03784233704209328,0.5778555274009705,0.000004,0.000000,0.041954,7.706154825370959e-09,0,400,0.5,0.9,50,0.9,8,1337,d245230,mps
7,8,3,2,3,0.999905,0,3,0.999893,41,151200,0.002182586584240198,0.0,0.000000,0.000000,0.042080,5.737412767103933e-09,0,400,0.5,0.9,50,0.9,8,1337,d245230,mps
7,8,3,4,3,0.999905,0,3,0.999893,41,151200,0.024432964622974396,0.05175146833062172,0.000000,0.000000,0.099197,2.9997070214449195e-06,0,400,0.5,0.9,50,0.9,8,1337,d245230,mps
7,8,3,5,3,0.999905,0,3,0.999893,41,151200,0.010693758726119995,0.02027854137122631,0.000000,0.000000,0.042082,0.00010351147648179904,0,400,0.5,0.9,50,0.9,8,1337,d245230,mps
7,8,3,6,3,0.999905,0,3,0.999894,41,151200,0.018663398921489716,0.08519285917282104,0.000000,0.000000,0.140772,1.8516197997087147e-07,0,400,0.5,0.9,50,0.9,8,1337,d245230,mps
7,8,3,7,3,0.999905,0,3,0.999883,41,151200,2.672231435775757,2.0735867023468018,-0.374864,-0.252536,0.041924,1.7951826691842143e-08,0,400,0.5,0.9,50,0.9,8,1337,d245230,mps
7,8,3,8,3,0.999905,0,3,0.999868,41,151200,1.9760839939117432,2.739776611328125,-0.227464,-0.321572,0.042063,1.6754270859564713e-08,0,400,0.5,0.9,50,0.9,8,1337,d245230,mps
7,8,3,9,3,0.999905,0,3,0.999883,41,151200,2.5831048488616943,2.1034607887268066,-0.210012,-0.169730,0.041662,1.4068661791100112e-08,0,400,0.5,0.9,50,0.9,8,1337,d245230,mps
8,9,1,0,1,0.999316,0,1,0.999512,50,183600,0.7241054773330688,0.9095974564552307,0.000000,0.000000,0.350390,4.199283284833655e-05,0,400,0.5,0.9,50,0.9,8,1337,d245230,mps
8,9,1,2,1,0.999316,0,1,0.999297,50,183600,0.10147403180599213,0.1260181963443756,0.792466,0.759824,0.873470,6.935504643479362e-06,0,400,0.5,0.9,50,0.9,8,1337,d245230,mps
8,9,1,3,1,0.999316,0,1,0.999314,50,183600,0.46834421157836914,0.021953683346509933,1.000000,0.000000,0.077263,4.6785713493591174e-05,0,400,0.5,0.9,50,0.9,8,1337,d245230,mps
8,9,1,4,1,0.999316,0,1,0.999514,50,183600,1.0,1.0,0.000000,0.000000,0.114860,5.689533281838521e-06,0,400,0.5,0.9,50,0.9,8,1337,d245230,mps
8,9,1,5,1,0.999316,0,1,0.999509,50,183600,0.9783867597579956,1.0,0.000000,0.000000,0.528455,1.5367857486126013e-05,0,400,0.5,0.9,50,0.9,8,1337,d245230,mps
8,9,1,6,1,0.999316,0,1,0.999312,50,183600,0.0,0.0,1.000000,0.000000,0.000000,7.738541171420366e-05,0,400,0.5,0.9,50,0.9,8,1337,d245230,mps
8,9,1,7,1,0.999316,0,1,0.996999,50,183600,5.567784309387207,3.642089605331421,-0.017921,-0.441201,1.235830,0.000281306856777519,0,400,0.5,0.9,50,0.9,8,1337,d245230,mps
8,9,1,8,1,0.999316,0,1,0.996009,50,183600,8.795209884643555,1.5884531736373901,-0.213571,-0.008367,9.872866,0.0011957433307543397,0,400,0.5,0.9,50,0.9,8,1337,d245230,mps
8,9,1,9,1,0.999316,0,1,0.999293,50,183600,-0.6706634759902954,-1.6316115856170654,0.742730,0.700763,4.071888,0.0003578120085876435,0,400,0.5,0.9,50,0.9,8,1337,d245230,mps
9,10,0,1,0,0.999997,0,0,0.999996,45,165600,0.0,0.014261581003665924,0.000000,0.000000,0.000000,5.182463169717266e-08,0,400,0.5,0.9,50,0.9,8,1337,d245230,mps
9,10,0,2,0,0.999997,0,0,0.999996,45,165600,0.0060956962406635284,0.35875189304351807,0.668756,0.000000,0.000000,5.127758981871011e-07,0,400,0.5,0.9,50,0.9,8,1337,d245230,mps
9,10,0,3,0,0.999997,0,0,0.999996,45,165600,0.0,0.0,0.000000,0.000000,0.000000,8.138418365888356e-07,0,400,0.5,0.9,50,0.9,8,1337,d245230,mps
9,10,0,4,0,0.999997,0,0,0.999996,45,165600,0.07166378200054169,0.03078318014740944,0.000000,0.000000,0.000000,1.3822703976984485e-06,0,400,0.5,0.9,50,0.9,8,1337,d245230,mps
9,10,0,5,0,0.999997,0,0,0.999996,45,165600,0.0,0.0,0.000000,0.000000,0.000000,3.7676747410841926e-07,0,400,0.5,0.9,50,0.9,8,1337,d245230,mps
9,10,0,6,0,0.999997,0,0,0.999996,45,165600,0.0,0.0,0.000000,0.000000,0.000000,1.9551501750925127e-08,0,400,0.5,0.9,50,0.9,8,1337,d245230,mps
9,10,0,7,0,0.999997,0,0,0.999996,45,165600,-0.003135544480755925,-0.028928246349096298,-0.029894,-0.033181,-0.058773,1.048635027700584e-07,0,400,0.5,0.9,50,0.9,8,1337,d245230,mps
9,10,0,8,0,0.999997,0,0,0.999995,45,165600,0.7019698619842529,3.335184097290039,0.232081,0.245992,0.402225,8.51026911163899e-08,0,400,0.5,0.9,50,0.9,8,1337,d245230,mps
9,10,0,9,0,0.999997,0,0,0.999996,45,165600,0.03516675904393196,0.015207708813250065,-0.008513,-0.005151,-0.040411,4.6313459733937634e-07,0,400,0.5,0.9,50,0.9,8,1337,d245230,mps
10,11,9,0,9,1.000000,0,9,1.000000,50,183600,0.7612316608428955,0.7338217496871948,0.000053,0.000185,0.428447,2.2589971560016409e-10,0,400,0.5,0.9,50,0.9,8,1337,d245230,mps
10,11,9,1,9,1.000000,0,9,1.000000,50,183600,0.46558326482772827,0.5678498148918152,0.000266,0.000959,0.279501,9.169479397996838e-09,0,400,0.5,0.9,50,0.9,8,1337,d245230,mps
10,11,9,2,9,1.000000,0,9,1.000000,50,183600,0.07329724729061127,0.508296012878418,0.017534,0.552059,0.968484,1.7970859175764353e-11,0,400,0.5,0.9,50,0.9,8,1337,d245230,mps
10,11,9,3,9,1.000000,0,9,1.000000,50,183600,0.00742967426776886,0.9421546459197998,0.000030,0.043019,0.317837,1.3752173011472024e-10,0,400,0.5,0.9,50,0.9,8,1337,d245230,mps
10,11,9,4,9,1.000000,0,9,1.000000,50,183600,0.22251752018928528,1.0,0.000000,0.099971,0.520151,1.2197601435837147e-11,0,400,0.5,0.9,50,0.9,8,1337,d245230,mps
10,11,9,5,9,1.000000,0,9,1.000000,50,183600,-0.06318588554859161,0.17033948004245758,0.869074,0.288276,0.015517,1.8920943978262272e-10,0,400,0.5,0.9,50,0.9,8,1337,d245230,mps
10,11,9,6,9,1.000000,0,9,1.000000,50,183600,7.093776226043701,5.73505163192749,-0.107746,-0.335698,0.642180,5.81608983196702e-10,0,400,0.5,0.9,50,0.9,8,1337,d245230,mps
10,11,9,7,9,1.000000,0,9,1.000000,50,183600,5.590660572052002,6.480767726898193,-0.231341,0.101205,0.331861,1.43602163493739e-09,0,400,0.5,0.9,50,0.9,8,1337,d245230,mps
10,11,9,8,9,1.000000,0,9,1.000000,50,183600,0.1566239893436432,-0.21889889240264893,-0.125368,-0.066436,0.364269,6.670864971525248e-10,0,400,0.5,0.9,50,0.9,8,1337,d245230,mps
11,12,5,0,5,0.998660,0,5,0.998104,50,183600,0.021625971421599388,0.00910186767578125,0.000000,0.003942,0.125813,5.844434554092004e-07,0,400,0.5,0.9,50,0.9,8,1337,d245230,mps
11,12,5,1,5,0.998660,0,5,0.997975,50,183600,0.349853515625,0.5707924365997314,0.000000,0.003596,0.126281,2.375814801780507e-06,0,400,0.5,0.9,50,0.9,8,1337,d245230,mps
11,12,5,2,5,0.998660,0,5,0.998109,50,183600,0.10239319503307343,0.08494945615530014,0.000000,0.031208,0.184077,8.29867258289596e-06,0,400,0.5,0.9,50,0.9,8,1337,d245230,mps
11,12,5,3,5,0.998660,0,5,0.997875,50,183600,0.6262600421905518,0.39730438590049744,0.131560,0.000313,0.621796,0.0006220186478458345,0,400,0.5,0.9,50,0.9,8,1337,d245230,mps
11,12,5,4,5,0.998660,0,5,0.998105,50,183600,0.15913128852844238,0.0,0.000000,0.006299,0.121673,8.726448868401349e-05,0,400,0.5,0.9,50,0.9,8,1337,d245230,mps
11,12,5,6,5,0.998660,0,5,0.997662,50,183600,0.5449364185333252,-0.06208115071058273,-0.049972,0.186845,0.131171,6.80916946294019e-06,0,400,0.5,0.9,50,0.9,8,1337,d245230,mps
11,12,5,7,5,0.998660,0,5,0.997489,50,183600,1.4782452583312988,0.35799703001976013,-0.165632,0.206599,0.229160,0.0018304395489394665,0,400,0.5,0.9,50,0.9,8,1337,d245230,mps
11,12,5,8,5,0.998660,0,5,0.997604,50,183600,1.4104266166687012,1.0714292526245117,-0.069607,0.293986,0.123529,1.7138232806246378e-06,0,400,0.5,0.9,50,0.9,8,1337,d245230,mps
11,12,5,9,5,0.998660,0,5,0.997823,50,183600,1.6450475454330444,2.5539207458496094,0.214723,0.486909,0.127641,1.7925221982295625e-06,0,400,0.5,0.9,50,0.9,8,1337,d245230,mps
12,13,7,0,7,0.999997,0,7,0.999997,46,169200,0.06525453925132751,0.005077170208096504,0.042379,0.000000,0.000008,2.881177518787581e-09,0,400,0.5,0.9,50,0.9,8,1337,d245230,mps
12,13,7,1,7,0.999997,0,7,0.999997,46,169200,0.027277514338493347,0.0,0.067495,0.000000,0.000434,5.880281719328195e-07,0,400,0.5,0.9,50,0.9,8,1337,d245230,mps
12,13,7,2,7,0.999997,0,7,0.999997,46,169200,0.061696261167526245,0.05173282325267792,0.192024,0.000000,0.236940,4.315503687735145e-08,0,400,0.5,0.9,50,0.9,8,1337,d245230,mps
12,13,7,3,7,0.999997,0,7,0.999997,46,169200,0.03229008987545967,0.1053774356842041,0.097708,0.000000,0.000103,3.1101839681468846e-07,0,400,0.5,0.9,50,0.9,8,1337,d245230,mps
12,13,7,4,7,0.999997,0,7,0.999997,46,169200,0.1065732017159462,0.15288788080215454,0.016436,0.000000,0.115868,1.643386781324807e-06,0,400,0.5,0.9,50,0.9,8,1337,d245230,mps
12,13,7,5,7,0.999997,0,7,0.999997,46,169200,0.0,0.0,0.008965,0.000000,0.028631,8.424854058830533e-08,0,400,0.5,0.9,50,0.9,8,1337,d245230,mps
12,13,7,6,7,0.999997,0,7,0.999997,46,169200,-0.13383418321609497,0.2195385992527008,0.107873,-0.081636,0.023596,1.2450408704012261e-08,0,400,0.5,0.9,50,0.9,8,1337,d245230,mps
12,13,7,8,7,0.999997,0,7,0.999997,46,169200,-0.06707287579774857,-0.12366121262311935,0.097209,-0.077158,-0.046718,1.7398880913788162e-07,0,400,0.5,0.9,50,0.9,8,1337,d245230,mps
12,13,7,9,7,0.999997,0,7,0.999997,46,169200,-0.030411629006266594,-0.013013388961553574,-0.043204,-0.053931,0.000011,1.0943426786980126e-07,0,400,0.5,0.9,50,0.9,8,1337,d245230,mps
13,14,9,0,9,0.999956,0,9,0.999957,50,183600,1.0,0.2638028860092163,0.153046,0.768048,1.000000,3.3686555411804875e-07,0,400,0.5,0.9,50,0.9,8,1337,d245230,mps
13,14,9,1,9,0.999956,0,9,0.999956,50,183600,0.37147921323776245,0.8834917545318604,0.000000,0.021217,0.000000,3.360689152032137e-05,0,400,0.5,0.9,50,0.9,8,1337,d245230,mps
13,14,9,2,9,0.999956,0,9,0.999953,50,183600,0.6212783455848694,0.970595121383667,0.435797,1.000000,0.000000,1.081859224427717e-07,0,400,0.5,0.9,50,0.9,8,1337,d245230,mps
13,14,9,3,9,0.999956,0,9,0.999956,50,183600,0.10169738531112671,0.7608776688575745,0.000004,0.000000,0.000000,1.0974560638032926e-07,0,400,0.5,0.9,50,0.9,8,1337,d245230,mps
13,14,9,4,9,0.999956,0,9,0.999953,50,183600,0.587804913520813,0.1363343596458435,0.883791,0.132525,0.723996,4.1664687699949354e-08,0,400,0.5,0.9,50,0.9,8,1337,d245230,mps
13,14,9,5,9,0.999956,0,9,0.999923,50,183600,-0.01801566779613495,2.505390167236328,-0.050412,-0.306165,0.013153,4.0766359177268896e-08,0,400,0.5,0.9,50,0.9,8,1337,d245230,mps
13,14,9,6,9,0.999956,0,9,0.999921,50,183600,-2.4480772018432617,2.6047239303588867,-0.472862,-0.014354,0.502057,1.518329781902139e-07,0,400,0.5,0.9,50,0.9,8,1337,d245230,mps
13,14,9,7,9,0.999956,0,9,0.999857,50,183600,1.7634292840957642,6.89016056060791,-1.502632,-1.010891,1.149290,4.328798240749165e-06,0,400,0.5,0.9,50,0.9,8,1337,d245230,mps
13,14,9,8,9,0.999956,0,9,0.999943,50,183600,4.880302429199219,-2.025789976119995,0.284257,1.048805,2.915321,1.4836971786280628e-05,0,400,0.5,0.9,50,0.9,8,1337,d245230,mps
14,16,5,0,5,0.999980,0,5,0.999976,11,43200,0.0,0.014261581003665924,0.000000,0.000000,0.000000,1.5507207962173197e-08,0,400,0.5,0.9,50,0.9,8,1337,d245230,mps
14,16,5,1,5,0.999980,0,5,0.999976,11,43200,0.0,0.0,0.000000,0.000000,0.000000,6.911157157674097e-08,0,400,0.5,0.9,50,0.9,8,1337,d245230,mps
14,16,5,2,5,0.999980,0,5,0.999976,11,43200,0.0,0.0,0.000000,0.000000,0.000000,9.33752986043146e-09,0,400,0.5,0.9,50,0.9,8,1337,d245230,mps
14,16,5,3,5,0.999980,0,5,0.999976,11,43200,0.018442803993821144,0.03372025117278099,0.000000,0.000012,0.000000,1.4908132470736746e-06,0,400,0.5,0.9,50,0.9,8,1337,d245230,mps
14,16,5,4,5,0.999980,0,5,0.999976,11,43200,0.0,0.0,0.000000,0.000000,0.000000,4.4996898651561423e-08,0,400,0.5,0.9,50,0.9,8,1337,d245230,mps
14,16,5,6,5,0.999980,0,5,0.999976,11,43200,0.0,0.0,0.000000,0.000000,0.000000,1.4542271387085748e-08,0,400,0.5,0.9,50,0.9,8,1337,d245230,mps
14,16,5,7,5,0.999980,0,5,0.999976,11,43200,-0.003135544480755925,-0.028928246349096298,-0.029894,-0.033181,-0.058773,2.181494164688047e-05,0,400,0.5,0.9,50,0.9,8,1337,d245230,mps
14,16,5,8,5,0.999980,0,5,0.999976,11,43200,-0.025161555036902428,-0.03508487716317177,-0.014082,-0.054421,-0.043384,2.3201106813530714e-08,0,400,0.5,0.9,50,0.9,8,1337,d245230,mps
14,16,5,9,5,0.999980,0,5,0.999976,11,43200,0.03516675904393196,0.015207708813250065,-0.008513,-0.005151,-0.040411,7.96388821555638e-09,0,400,0.5,0.9,50,0.9,8,1337,d245230,mps
15,17,7,0,7,0.999994,0,7,0.999992,50,183600,0.6516028046607971,0.0614648312330246,0.975084,0.293040,0.126973,5.097746935689429e-08,0,400,0.5,0.9,50,0.9,8,1337,d245230,mps
15,17,7,1,7,0.999994,0,7,0.999991,50,183600,1.0,1.0,0.000000,0.000000,0.146693,5.149456114850182e-07,0,400,0.5,0.9,50,0.9,8,1337,d245230,mps
15,17,7,2,7,0.999994,0,7,0.999993,50,183600,0.0011184010654687881,0.12322334945201874,0.479429,0.000000,0.000000,5.654694632539758e-07,0,400,0.5,0.9,50,0.9,8,1337,d245230,mps
15,17,7,3,7,0.999994,0,7,0.999991,50,183600,0.9273420572280884,1.0,0.000000,0.000000,0.022896,1.1329176459184964e-06,0,400,0.5,0.9,50,0.9,8,1337,d245230,mps
15,17,7,4,7,0.999994,0,7,0.999991,50,183600,1.0,0.8227121829986572,0.000001,0.000000,0.000000,3.4006027362920577e-06,0,400,0.5,0.9,50,0.9,8,1337,d245230,mps
15,17,7,5,7,0.999994,0,7,0.999972,50,183600,3.198143482208252,1.5183783769607544,-0.678197,-0.007072,0.232804,7.851029977246071e-07,0,400,0.5,0.9,50,0.9,8,1337,d245230,mps
15,17,7,6,7,0.999994,0,7,0.999971,50,183600,3.401369571685791,2.3165409564971924,-0.531388,-0.729226,0.809714,1.320776163993287e-06,0,400,0.5,0.9,50,0.9,8,1337,d245230,mps
15,17,7,8,7,0.999994,0,7,0.999972,50,183600,3.4585890769958496,1.9604735374450684,-0.291620,-1.096327,0.574517,5.760853127867449e-07,0,400,0.5,0.9,50,0.9,8,1337,d245230,mps
15,17,7,9,7,0.999994,0,7,0.999972,50,183600,3.2476933002471924,1.9133975505828857,-0.062863,-0.315632,0.239691,6.565242983924691e-06,0,400,0.5,0.9,50,0.9,8,1337,d245230,mps
16,18,8,0,8,0.999962,0,8,0.999934,50,183600,0.0,0.014261581003665924,0.000000,0.000000,0.000000,3.0194232749636285e-05,0,400,0.5,0.9,50,0.9,8,1337,d245230,mps
16,18,8,1,8,0.999962,0,8,0.999934,50,183600,0.0,0.0,0.000000,0.000000,0.000000,1.2079587577318307e-05,0,400,0.5,0.9,50,0.9,8,1337,d245230,mps
16,18,8,2,8,0.999962,0,8,0.999813,50,183600,0.5298821330070496,0.9163880348205566,0.000000,0.000000,0.000000,1.7468311853008345e-05,0,400,0.5,0.9,50,0.9,8,1337,d245230,mps
16,18,8,3,8,0.999962,0,8,0.999934,50,183600,0.011370912194252014,0.0,0.000000,0.000136,0.000000,3.560337745511788e-06,0,400,0.5,0.9,50,0.9,8,1337,d245230,mps
16,18,8,4,8,0.999962,0,8,0.999876,50,183600,0.6843694448471069,0.9347617626190186,0.663864,0.001590,0.000000,2.917511437772191e-06,0,400,0.5,0.9,50,0.9,8,1337,d245230,mps
16,18,8,5,8,0.999962,0,8,0.999872,50,183600,0.6435309648513794,1.0,0.521900,0.003219,0.008219,9.556948725730763e-07,0,400,0.5,0.9,50,0.9,8,1337,d245230,mps
16,18,8,6,8,0.999962,0,8,0.999934,50,183600,-0.003135544480755925,-0.028928246349096298,-0.029894,-0.033181,-0.058773,3.787445166381076e-06,0,400,0.5,0.9,50,0.9,8,1337,d245230,mps
16,18,8,7,8,0.999962,0,8,0.999934,50,183600,-0.025161555036902428,-0.03508487716317177,-0.014082,-0.054421,-0.043384,2.933778205260751e-06,0,400,0.5,0.9,50,0.9,8,1337,d245230,mps
16,18,8,9,8,0.999962,0,8,0.999597,50,183600,2.4313294887542725,2.391592264175415,-0.237256,-0.483528,1.117513,1.021253046928905e-05,0,400,0.5,0.9,50,0.9,8,1337,d245230,mps
17,19,6,0,6,1.000000,0,6,1.000000,50,183600,0.6626699566841125,0.6343874931335449,0.421302,0.069221,0.327900,2.957672995407279e-09,0,400,0.5,0.9,50,0.9,8,1337,d245230,mps
17,19,6,1,6,1.000000,0,6,1.000000,50,183600,0.37334129214286804,0.44339609146118164,0.403426,0.080675,0.265433,2.9771145548807e-09,0,400,0.5,0.9,50,0.9,8,1337,d245230,mps
17,19,6,2,6,1.000000,0,6,1.000000,50,183600,0.13448037207126617,0.09890498965978622,0.430279,0.235287,0.206226,3.018162715306971e-07,0,400,0.5,0.9,50,0.9,8,1337,d245230,mps
17,19,6,3,6,1.000000,0,6,1.000000,50,183600,0.7681593894958496,0.28140395879745483,0.303909,0.000000,0.022869,4.383856389011953e-09,0,400,0.5,0.9,50,0.9,8,1337,d245230,mps
17,19,6,4,6,1.000000,0,6,1.000000,50,183600,0.9833266735076904,0.47852623462677,0.297759,0.000000,0.021519,5.586446416572244e-09,0,400,0.5,0.9,50,0.9,8,1337,d245230,mps
17,19,6,5,6,1.000000,0,6,1.000000,50,183600,0.11467789113521576,0.0,0.416392,0.079558,0.312559,2.8175679567254974e-09,0,400,0.5,0.9,50,0.9,8,1337,d245230,mps
17,19,6,7,6,1.000000,0,6,1.000000,50,183600,0.5758092999458313,0.20386900007724762,0.326087,-0.009561,0.012895,1.8709074289802174e-09,0,400,0.5,0.9,50,0.9,8,1337,d245230,mps
17,19,6,8,6,1.000000,0,6,1.000000,50,183600,1.775164008140564,1.0281624794006348,0.297106,-0.556235,0.446937,1.1727892434976184e-08,0,400,0.5,0.9,50,0.9,8,1337,d245230,mps
17,19,6,9,6,1.000000,0,6,0.999996,50,183600,1.519282579421997,3.2889492511749268,0.962313,2.451335,1.705257,2.6594690893944062e-08,0,400,0.5,0.9,50,0.9,8,1337,d245230,mps
18,20,7,0,7,0.625584,0,7,0.611581,40,147600,0.012919565662741661,0.061799149960279465,0.000000,0.000000,0.043963,0.0005679987953044474,0,400,0.5,0.9,50,0.9,8,1337,d245230,mps
18,20,7,1,7,0.625584,0,7,0.611379,40,147600,0.034244198352098465,0.0432303249835968,0.000000,0.000000,0.000032,0.0001522625971119851,0,400,0.5,0.9,50,0.9,8,1337,d245230,mps
18,20,7,2,7,0.625584,0,7,0.611379,40,147600,0.0,0.0,0.000000,0.000000,0.000000,4.904355955659412e-05,0,400,0.5,0.9,50,0.9,8,1337,d245230,mps
18,20,7,3,7,0.625584,0,7,0.611378,40,147600,0.08905084431171417,0.008337203413248062,0.000000,0.000000,0.000106,0.0026477025821805,0,400,0.5,0.9,50,0.9,8,1337,d245230,mps
18,20,7,4,7,0.625584,0,7,0.611607,40,147600,0.03728904575109482,0.0,0.000000,0.000000,0.046958,0.00032163364812731743,0,400,0.5,0.9,50,0.9,8,1337,d245230,mps
18,20,7,5,7,0.625584,0,7,0.611349,40,147600,-0.0975772812962532,0.01908078044652939,-0.022897,-0.014101,0.019905,0.3728265166282654,0,400,0.5,0.9,50,0.9,8,1337,d245230,mps
18,20,7,6,7,0.625584,0,7,0.611379,40,147600,-0.05131572484970093,-0.07675889134407043,0.000003,-0.065794,-0.053777,2.5733712391229346e-05,0,400,0.5,0.9,50,0.9,8,1337,d245230,mps
18,20,7,8,7,0.625584,0,7,0.611418,40,147600,-0.046146757900714874,-0.011555125936865807,0.000675,-0.091413,-0.036643,2.3631941076018848e-05,0,400,0.5,0.9,50,0.9,8,1337,d245230,mps
18,20,7,9,7,0.625584,0,7,0.611378,40,147600,-0.08949993550777435,-0.006114702671766281,-0.011362,-0.037851,0.000011,0.012056426145136356,0,400,0.5,0.9,50,0.9,8,1337,d245230,mps
19,21,0,1,0,0.999597,0,0,0.999588,50,183600,0.8954029083251953,0.2964138984680176,0.833207,0.735101,0.000000,3.8422959391937184e-07,0,400,0.5,0.9,50,0.9,8,1337,d245230,mps
19,21,0,2,0,0.999597,0,0,0.999585,50,183600,0.6591821908950806,0.2831774950027466,0.986307,0.821530,0.000000,0.0004064378153998405,0,400,0.5,0.9,50,0.9,8,1337,d245230,mps
19,21,0,3,0,0.999597,0,0,0.999631,50,183600,0.5760403275489807,0.09540390968322754,0.524002,0.000000,0.000017,8.923882433009567e-07,0,400,0.5,0.9,50,0.9,8,1337,d245230,mps
19,21,0,4,0,0.999597,0,0,0.999636,50,183600,0.0068175652995705605,0.0,0.000000,0.000005,0.000000,2.552560260937753e-07,0,400,0.5,0.9,50,0.9,8,1337,d245230,mps
19,21,0,5,0,0.999597,0,0,0.999629,50,183600,0.6900206804275513,0.0501740425825119,0.734707,0.000000,0.000000,1.3523751363209158e-07,0,400,0.5,0.9,50,0.9,8,1337,d245230,mps
19,21,0,6,0,0.999597,0,0,0.999586,50,183600,0.8208487629890442,-0.2430230975151062,0.871776,0.770231,-0.328491,4.20398509959341e-06,0,400,0.5,0.9,50,0.9,8,1337,d245230,mps
19,21,0,7,0,0.999597,0,0,0.999649,50,183600,-0.8126847743988037,2.3459274768829346,0.149194,-0.697481,0.083722,3.5121550467920315e-07,0,400,0.5,0.9,50,0.9,8,1337,d245230,mps
19,21,0,8,0,0.999597,0,0,0.999633,50,183600,0.36846503615379333,-0.3465707302093506,0.008062,-0.115840,0.218086,1.8364291918260278e-06,0,400,0.5,0.9,50,0.9,8,1337,d245230,mps
19,21,0,9,0,0.999597,0,0,0.999635,50,183600,-0.0513228178024292,0.10705044865608215,-0.112172,0.023687,-0.083728,1.055476900546637e-06,0,400,0.5,0.9,50,0.9,8,1337,d245230,mps
