image_id,ds_idx,true_label,target_label,pred_before,conf_before,success,adv_label,adv_conf,gens_used,queries,x,y,r,g,b,pop_size,F,Cr,max_gens,es_target,seed,commit,device
0,0,3,9,3,1.000000,0,3,0.999999,12,1248,18,8,1.000000,0.829443,1.000000,96,0.5,0.9,12,0.9,1337,d245230,mps
0,0,3,6,3,1.000000,0,3,0.999999,12,1248,18,9,1.000000,0.689561,1.000000,96,0.5,0.9,12,0.9,1337,d245230,mps
0,0,3,5,3,1.000000,0,3,0.999984,12,1248,12,12,0.000000,0.038149,0.667697,96,0.5,0.9,12,0.9,1337,d245230,mps
1,1,8,2,8,0.999995,0,8,0.985168,12,1248,9,22,1.000000,0.881012,1.000000,96,0.5,0.9,12,0.9,1337,d245230,mps
1,1,8,5,8,0.999995,0,8,0.995670,12,1248,17,22,0.963789,0.946298,0.000000,96,0.5,0.9,12,0.9,1337,d245230,mps
1,1,8,3,8,0.999995,0,8,0.986754,12,1248,9,22,0.767824,1.000000,0.943600,96,0.5,0.9,12,0.9,1337,d245230,mps
2,2,8,5,8,0.924418,0,8,0.605587,12,1248,22,15,0.000000,0.000000,0.149018,96,0.5,0.9,12,0.9,1337,d245230,mps
2,2,8,4,8,0.924418,0,8,0.944255,12,1248,19,2,0.000000,0.000000,0.987397,96,0.5,0.9,12,0.9,1337,d245230,mps
2,2,8,3,8,0.924418,0,8,0.934716,12,1248,19,3,0.226799,0.145229,0.501202,96,0.5,0.9,12,0.9,1337,d245230,mps
3,4,6,3,6,0.999998,0,6,0.999550,12,1248,20,20,0.194115,0.000000,0.449467,96,0.5,0.9,12,0.9,1337,d245230,mps
3,4,6,5,6,0.999998,0,6,0.999653,12,1248,21,19,0.150390,0.000000,0.522444,96,0.5,0.9,12,0.9,1337,d245230,mps
3,4,6,0,6,0.999998,0,6,0.998977,12,1248,19,19,0.000000,0.000000,0.268558,96,0.5,0.9,12,0.9,1337,d245230,mps
