ds_idx,true,pred_clean,del_auc_gc_clean,del_auc_ig_clean,del_auc_rise_clean
0,3,3,0.25775844290619715,0.7284432043932612,0.4318533911518898
1,8,8,0.3602094526373548,0.36725802006480995,0.25328147469117535
2,8,8,0.5271667952416464,0.07254703896669529,0.14624776273840326
3,0,8,0.41023252923041587,0.11696611135915874,0.09167018096468382
4,6,6,0.53637612182647,0.7554827906191349,0.40334952397679447
5,6,6,0.17551762263756243,0.5500794221734396,0.30201846585869135
6,1,1,0.06175116087169956,0.19051480567650295,0.17361911222358234
7,6,6,0.23516301269119141,0.4069793924514671,0.13965160877933158
8,3,3,0.20458101845870263,0.2933522301609628,0.24824209439575495
9,1,1,0.20827574300055857,0.24651246954745148,0.12026510280579715
10,0,0,0.6140822749584912,0.32755603446858006,0.7791369175538422
11,9,9,0.4810050178581151,0.29739996934558804,0.3758920287478759
12,5,5,0.21772246652690228,0.07283334378371363,0.1332931123341723
13,7,7,0.37054111793404443,0.06862192609150952,0.2382137076152503
14,9,9,0.2831145466039743,0.1216359485956673,0.21771074260716436
15,8,6,0.37711709532886745,0.6622821704484524,0.0613707954123072
16,5,5,0.264644344500266,0.052708168193385044,0.19180636984945065
17,7,7,0.14790327044320292,0.12150625874693333,0.16931534285633917
18,8,8,0.5526729169941973,0.04004350567257262,0.16909464553250478
19,6,6,0.24829787814414886,0.5684174796213483,0.3045272624432983
20,7,7,0.28646265308052543,0.031971307296771556,0.19692501148324484
21,0,0,0.5296580247581005,0.5455394385309773,0.7858379132056144
22,4,4,0.04324765113851754,0.03489834546057864,0.08160963611576334
23,9,9,0.4469465408095857,0.44609228096142034,0.27949547690103604
24,5,5,0.2706688980106265,0.10175801202202023,0.17829536947065205
25,2,2,0.47737512740422977,0.14834081743611027,0.2718858054995509
26,4,4,0.13432112007867542,0.14569684246052933,0.20893505712301705
27,0,0,0.5657027301378549,0.34939233798359054,0.785275987163186
28,9,9,0.3259896547999233,0.18052415157017096,0.21121364688828814
29,6,6,0.26272751449723725,0.5938707423629239,0.058369946735183476
30,6,6,0.05753733979672687,0.282835421742493,0.04649038797451793
31,5,5,0.21791906732833008,0.10901335387998184,0.22742833421616523
32,4,4,0.27283062395290475,0.15558655043132602,0.3548539062283567
33,5,5,0.24136996238812572,0.0656289482899865,0.03369796942555609
34,9,9,0.2795296370226424,0.1679551927892394,0.3322575242694581
35,2,2,0.29958671026397493,0.06714893543539803,0.09068435642427729
36,4,4,0.20688604393217247,0.40156620819470845,0.190715747537115
37,1,1,0.026858227227057795,0.19354307355060882,0.06659072369420757
38,9,9,0.40860549107419497,0.28011834077622094,0.5993676710664204
39,5,5,0.42302313824766313,0.04538984734335257,0.23912835043665837
40,4,4,0.15941283432766798,0.07407727908503146,0.10222549893658979
41,6,6,0.36453044805675744,0.38789283977112066,0.10413071869916164
42,5,5,0.13251708052739558,0.048404711221837704,0.16917757684930168
43,6,6,0.19444235340852176,0.4679408872660133,0.1483389933678154
44,0,0,0.2991730350768194,0.8964496561209673,0.9597184058278799
45,9,9,0.41871485966257754,0.2258491255475747,0.24159055545106914
46,3,3,0.16334715272532777,0.5213134283461841,0.2740899294411065
47,9,9,0.1753093034880294,0.019096928238150217,0.011828823507858032
48,7,7,0.1759965678298613,0.14778803930423692,0.1292156562965829
49,6,6,0.10773668717592955,0.36988311251625416,0.12095152201873134
50,9,9,0.2280905801781046,0.16415925378023527,0.5204673608379381
51,8,8,0.49914782904088495,0.18251845228951427,0.16467329906236614
52,0,5,0.15118018674329506,0.06748032453897393,0.02413688457596095
53,3,3,0.49675003961237957,0.30428885662257693,0.28577703057671894
54,8,8,0.27789255267707635,0.24007683788511264,0.07068205610744119
55,8,8,0.6394367223605512,0.07165661579797414,0.17997907100008206
56,7,7,0.3589617886878841,0.09704509898474499,0.39814999734508094
57,7,5,0.1353371176181099,0.032007142659313086,0.08170641943124791
58,4,4,0.033860597519378643,0.22427987583505457,0.01815294974094286
59,6,3,0.5806577255949378,0.24947198115962693,0.2588472040009947
60,7,7,0.352677096077241,0.12604353650285707,0.267883719291558
61,3,5,0.21655290201279057,0.047576515242265305,0.10307867399533277
62,6,6,0.052671746321721,0.31067558911745435,0.0884863998750319
63,3,3,0.12306886330570706,0.3290456560440362,0.06128183532618436
64,6,6,0.1519439775380306,0.21551472023129462,0.07572638108244975
65,2,2,0.7487621766398662,0.4408925759518752,0.2922230103162292
66,1,1,0.20737076234654525,0.19502472494932585,0.2226522878567607
67,2,2,0.325065364188049,0.2963226715219207,0.6930070506874473
68,3,3,0.1639645667281002,0.1719137286667774,0.11263307534391061
69,7,7,0.07484122277055576,0.11962950866909522,0.022765697427106348
70,2,2,0.16213742797644956,0.14744539790727915,0.2104156027548015
71,6,6,0.09473381376446922,0.22411276667844507,0.046088898997368226
72,8,8,0.6006651189178228,0.09825221492501442,0.10266475128591993
73,8,8,0.36442700421903285,0.15755478298797246,0.3984400099609048
74,0,0,0.3987859109882266,0.6293829087517224,0.3255588900763541
75,2,2,0.44974670994561167,0.4871541765169241,0.694470677526715
76,9,9,0.20536540660104943,0.1386321834091177,0.11363644529441912
77,3,3,0.26310089063481434,0.2979865854764285,0.5250457674148493
78,3,5,0.0890662251455069,0.06463429959592303,0.11407290972352511
79,8,8,0.2982065572403372,0.20500573117469686,0.2996264729648828
80,8,8,0.7554620312526823,0.3049464635143522,0.40186796697485083
81,1,1,0.11185876108193042,0.20959808566549326,0.18391330023791852
82,1,1,0.13438253564527256,0.33850866958418924,0.20056321989102913
83,7,7,0.25140872505762674,0.16454171614491314,0.32969110017438663
84,2,2,0.2871633791015484,0.12896294841320924,0.15220682224658047
85,5,5,0.059771850667311804,0.047221907191933345,0.0916721425383487
86,2,2,0.4827449052128942,0.21168890893313802,0.09928874500219535
87,7,3,0.10820073256290925,0.16611689781275343,0.08712822513557511
88,8,8,0.4010068558854982,0.11902154460221938,0.13643916200880993
89,9,9,0.1579873878843046,0.23425090704031395,0.13717266020947677
90,0,0,0.30142189576872624,0.7057152714114636,0.8989914305508137
91,3,3,0.21543593001551928,0.2212210792480619,0.36471036111615834
92,8,8,0.5726774561218917,0.34724281660801354,0.21763014086172916
93,6,6,0.3310894262045623,0.5945621706545353,0.28746781197260135
94,4,4,0.25915189247753007,0.2033075794461183,0.5891691890177753
95,6,6,0.14153156059073807,0.5405820934218355,0.04579331223512781
96,6,6,0.2860935919714394,0.30799689502455285,0.04990103473210184
97,0,0,0.14441227600618733,0.10696126507973529,0.5000439667404861
98,0,0,0.46656184642342846,0.6203800317132846,0.9129769846796989
99,7,7,0.1780497217183438,0.09840283256233351,0.1752508353631129
100,4,4,0.21070397452858747,0.1425015572836856,0.12275067992202367
101,5,5,0.07719998427346579,0.04005040679222701,0.10002872614768421
102,6,6,0.2197427507095199,0.27934615732237955,0.2696973356946899
103,3,3,0.3266471432405524,0.4583100593794371,0.39692443841486236
104,1,1,0.23512176205222204,0.0999707464004132,0.21386239215353275
105,1,1,0.32318343548540723,0.5142607228714041,0.16059142244084798
106,3,3,0.062317265696401586,0.23984206484165047,0.1082662473892924
107,6,6,0.4156557491049171,0.6183597260729585,0.1822640901133582
108,8,8,0.43834343969356265,0.40683472177242946,0.2572799672305337
109,7,7,0.1563146589702228,0.03837974876946717,0.11195092132311402
110,4,4,0.25567555145680676,0.3416490390751278,0.1955614356986189
111,0,0,0.7002817895729095,0.6669071264564992,0.7491960325278342
112,6,6,0.14344050969011732,0.2775359851540998,0.09223647005677549
113,2,2,0.5224084998248146,0.2665450682368828,0.24483330983202903
114,1,1,0.28418062879645734,0.09549702174172127,0.14491907370847917
115,3,3,0.2288089871464763,0.5552147302980303,0.29418390849023135
116,0,0,0.36283522928133605,0.6512366391718387,0.7384980565868319
117,4,4,0.1819962558161933,0.20623804300885243,0.09667536042934445
118,2,6,0.0360569028671307,0.38818002440020805,0.07140298334552425
119,7,7,0.22781583838950611,0.09206684124346792,0.2868412433590948
120,8,8,0.7990622747689486,0.10732839900744011,0.14309183741966083
121,3,3,0.4951958677731454,0.3161811701371335,0.13929920066366322
122,1,1,0.3992489294221741,0.17460746209399078,0.14599240669531144
123,2,2,0.6943174962012564,0.24695491441816558,0.6850127559737302
124,8,8,0.47503603931982075,0.042192850766628,0.06014445917221281
125,0,2,0.17370802542427555,0.17216614952485546,0.17377624648952408
126,8,8,0.8068004786968231,0.09387951855488834,0.3129981998499716
127,3,3,0.3496601947583258,0.31085799261927605,0.25776672235297154
128,5,3,0.11494925441511442,0.4914727635215968,0.10691516019981605
129,2,2,0.5032498508691788,0.19557495407698297,0.0889224955465579
130,4,4,0.10466461933465328,0.17822267244846446,0.1660643102086283
131,1,1,0.3338911807921249,0.48317535942219364,0.33297086873790255
132,8,8,0.3306008926592767,0.11610693555907119,0.32331323722944494
133,9,9,0.6481854161870615,0.335245736458728,0.28910002706807064
134,1,1,0.1010596333704598,0.2998105593695073,0.12728798441080472
135,2,2,0.7029763865750284,0.12817104620335154,0.5960549021838234
136,9,9,0.3849601732545125,0.18288935689051872,0.3372217784687564
137,7,7,0.17388277490099427,0.28065511485992833,0.16617993047111668
138,2,2,0.755946882639546,0.08805829005286796,0.8718200482253451
139,9,9,0.03570899830751273,0.027642934546975088,0.02038225702961558
140,6,6,0.3117102222429822,0.3819952768040822,0.14219006595594694
141,5,5,0.37693558318860604,0.10163961435573583,0.37941518393581647
142,6,6,0.2801417892042082,0.3826736209302908,0.14295345448978197
143,3,3,0.05004613154791854,0.22562059636838966,0.08762085559174014
144,8,8,0.758088193635922,0.18795954648658153,0.12210778172811845
145,7,7,0.10447345495922493,0.039757729663142526,0.028231796097753656
146,6,6,0.11720055774640059,0.617805123242306,0.20488599368109134
147,2,5,0.24389146736910733,0.05162282938649694,0.024579957860288455
148,5,5,0.08046499801093887,0.0740756313019176,0.10011004208442956
149,2,2,0.8434186110505836,0.321467314651818,0.22914798029232772
150,8,8,0.34245163148734725,0.0938496684153506,0.24297385109598504
151,9,9,0.056176076835981796,0.09853720143073587,0.12577049568823218
152,6,6,0.07890231794881401,0.33619889501624134,0.04540992322099555
153,0,0,0.6368642055429518,0.3007414771401273,0.6965592586318963
154,0,0,0.4444483758416026,0.508445993438363,0.8685880899429322
155,5,5,0.26933571607805784,0.03140553010211988,0.16306513629115219
156,2,2,0.46489519253955225,0.23299574904085602,0.5065158354002052
157,9,9,0.2589738055161434,0.09636277699053154,0.11421658742010551
158,5,3,0.4790922287385911,0.4389821086660958,0.041191509353575385
159,4,4,0.16609472176642157,0.29834349495358775,0.24184696703014194
160,2,2,0.6384164738585241,0.13636801585358851,0.3470451078028418
161,1,1,0.16762020226451568,0.35752904253531603,0.06087554832487286
162,6,6,0.1976222588141354,0.5219963204772283,0.09152141948861753
163,6,6,0.3887585354270414,0.6068644789978862,0.2747525059297914
164,8,8,0.042933491417716144,0.06396989511849824,0.08149134634470272
165,4,4,0.34289546100189916,0.08090641009621322,0.10873015354218865
166,8,8,0.537442742107669,0.030250769774784206,0.15002196116640792
167,4,4,0.20891389859898485,0.2176528924016111,0.16919301281741353
168,5,5,0.11215078872046433,0.15702482788948371,0.11378908097030943
169,0,8,0.17166248569265008,0.032841557741812716,0.035479695467620344
170,9,9,0.23231316872988833,0.15355608602335455,0.12927619107265403
171,9,0,0.7423571947962047,0.3198152504693553,0.8361488826572895
172,9,9,0.3546822497388348,0.07671804963829346,0.3277845230344611
173,8,8,0.24058197591803035,0.2017051935563359,0.06670891968149135
174,9,9,0.5164543581191537,0.10424098287585366,0.12836753860347871
175,9,9,0.10343048032955267,0.2373876284771882,0.26632709513470443
176,3,3,0.15991917584615295,0.4847852984414203,0.3952138881140854
177,7,7,0.3641407900038757,0.23542562658767568,0.25847048524364025
178,5,2,0.19807410740759226,0.1096275141098886,0.22841907558481572
179,0,0,0.42033845479600135,0.4582801068423578,0.8796943321824074
180,0,0,0.2953808300124364,0.5894992660381831,0.6434507471509276
181,5,5,0.1753608708215779,0.08090922978840921,0.30739972456194664
182,2,2,0.7539114854240326,0.614138551453621,0.6892668999906164
183,2,3,0.27605037372559316,0.2638219942571596,0.031119133985794165
184,3,3,0.08036548926193064,0.16577031201122738,0.10021599555821013
185,8,8,0.7365015890449287,0.5529313563602045,0.5046732827326196
186,6,6,0.03945202065578996,0.6134312381967904,0.11312756896199973
187,3,3,0.11556678458146052,0.30186333302408463,0.28782283499203914
188,4,2,0.6303344442509115,0.11643962509697303,0.4145376030181069
189,0,0,0.22664286284707486,0.24360198587246487,0.4695334855467081
190,5,5,0.22447936909829877,0.10630124500667076,0.1397915046271311
191,8,8,0.4176406487822534,0.15094083883905116,0.2906114658049774
192,0,0,0.11957362908287902,0.3714551193320404,0.6286491766571999
193,1,1,0.09983600135892631,0.03569976598228095,0.08211791353160153
194,7,7,0.07741736073294304,0.09832173154900375,0.08184019741675003
195,2,2,0.17960631739115343,0.1623028851216077,0.29592420364351424
196,8,8,0.6737946603447198,0.1616380334060523,0.1937124310774266
197,8,8,0.6083745297044515,0.06298316694151254,0.21419980634527744
198,7,7,0.066434045668575,0.025655833208550402,0.25208740923390005
199,8,8,0.33624177272431555,0.1578628482369822,0.3624514893235755
